system,vehicles_completed,avg_duration,avg_waiting_time,avg_time_loss
baseline,1844,353.53633405639914,256.6990238611714,316.70700650759215
ai,1918,404.4650677789364,301.4718456725756,368.0410636079249
